-- MariaDB dump 10.19  Distrib 10.7.4-MariaDB, for Linux (x86_64)
--
-- Host: localhost    Database: records
-- ------------------------------------------------------
-- Server version	10.7.3-MariaDB

/*!40101 SET @OLD_CHARACTER_SET_CLIENT=@@CHARACTER_SET_CLIENT */;
/*!40101 SET @OLD_CHARACTER_SET_RESULTS=@@CHARACTER_SET_RESULTS */;
/*!40101 SET @OLD_COLLATION_CONNECTION=@@COLLATION_CONNECTION */;
/*!40101 SET NAMES utf8mb4 */;
/*!40103 SET @OLD_TIME_ZONE=@@TIME_ZONE */;
/*!40103 SET TIME_ZONE='+00:00' */;
/*!40014 SET @OLD_UNIQUE_CHECKS=@@UNIQUE_CHECKS, UNIQUE_CHECKS=0 */;
/*!40014 SET @OLD_FOREIGN_KEY_CHECKS=@@FOREIGN_KEY_CHECKS, FOREIGN_KEY_CHECKS=0 */;
/*!40101 SET @OLD_SQL_MODE=@@SQL_MODE, SQL_MODE='NO_AUTO_VALUE_ON_ZERO' */;
/*!40111 SET @OLD_SQL_NOTES=@@SQL_NOTES, SQL_NOTES=0 */;

--
-- Table structure for table `artist`
--

DROP TABLE IF EXISTS `artist`;
/*!40101 SET @saved_cs_client     = @@character_set_client */;
/*!40101 SET character_set_client = utf8 */;
CREATE TABLE `artist` (
  `artist_id` int(11) NOT NULL AUTO_INCREMENT,
  `artist_name` varchar(255) COLLATE utf8mb4_unicode_ci NOT NULL,
  `artist_img` varchar(255) COLLATE utf8mb4_unicode_ci DEFAULT NULL,
  PRIMARY KEY (`artist_id`)
) ENGINE=InnoDB AUTO_INCREMENT=44 DEFAULT CHARSET=utf8mb4 COLLATE=utf8mb4_unicode_ci;
/*!40101 SET character_set_client = @saved_cs_client */;

--
-- Dumping data for table `artist`
--

LOCK TABLES `artist` WRITE;
/*!40000 ALTER TABLE `artist` DISABLE KEYS */;
INSERT INTO `artist` VALUES
(1,'Neil Young','1.jpg'),
(4,'Queens Of The Stone Age','4.jpg'),
(11,'Prince','11.jpeg'),
(12,'Depeche Mode','12.jpeg'),
(14,'The Cure','14.jpeg'),
(15,'Sepultura','15.jpeg'),
(16,'Pink Floyd','16.jpeg'),
(17,'Talking Heads','17.jpg'),
(19,'Brian Eno','19.jpg'),
(21,'Roxy Music','21.jpg'),
(22,'Radiohead','22.jpg'),
(23,'Autechre','23.jpeg'),
(24,'Aphex Twin','24.jpeg'),
(25,'Cocteau Twins','25.png'),
(26,'Pixies','26.jpg'),
(27,'My Bloody Valentine','27.jpeg'),
(28,'Boards Of Canada','28.jpeg'),
(29,'Steely Dan','29.jpeg'),
(30,'The The','30.jpeg'),
(31,'Jim O\'Rourke','31.jpg'),
(32,'Kraftwerk','32.jpeg'),
(34,'The House Of Love','the_house_of_love.jpg'),
(35,'Tangerine Dream','tangerine_dream.jpg'),
(36,'Peter Gabriel','peter_gabriel.jpg'),
(37,'Terence Trent D\'Arby','terence_trent_d\'arby.jpg'),
(38,'The Smile','the_smile.jpg'),
(39,'UMAL115','umal115.jpg'),
(40,'The Future Sound Of London','the_future_sound_of_london.png'),
(41,'Slowdive','slowdive.jpg'),
(42,'The Breeders','the_breeders.jpg'),
(43,'LFO','lfo.jpg');
/*!40000 ALTER TABLE `artist` ENABLE KEYS */;
UNLOCK TABLES;

--
-- Table structure for table `record`
--

DROP TABLE IF EXISTS `record`;
/*!40101 SET @saved_cs_client     = @@character_set_client */;
/*!40101 SET character_set_client = utf8 */;
CREATE TABLE `record` (
  `record_id` int(11) NOT NULL AUTO_INCREMENT,
  `record_title` varchar(255) COLLATE utf8mb4_unicode_ci NOT NULL,
  `record_year` int(11) NOT NULL,
  `record_picture` varchar(255) COLLATE utf8mb4_unicode_ci NOT NULL,
  `record_label` varchar(255) COLLATE utf8mb4_unicode_ci NOT NULL,
  `record_genre` varchar(255) COLLATE utf8mb4_unicode_ci NOT NULL,
  `record_price` double NOT NULL,
  `artist_id` int(11) NOT NULL,
  PRIMARY KEY (`record_id`),
  KEY `IDX_9B349F91B7970CF8` (`artist_id`),
  CONSTRAINT `record_idfk_1` FOREIGN KEY (`artist_id`) REFERENCES `artist` (`artist_id`)
) ENGINE=InnoDB AUTO_INCREMENT=85 DEFAULT CHARSET=utf8mb4 COLLATE=utf8mb4_unicode_ci;
/*!40101 SET character_set_client = @saved_cs_client */;

--
-- Dumping data for table `record`
--

LOCK TABLES `record` WRITE;
/*!40000 ALTER TABLE `record` DISABLE KEYS */;
INSERT INTO `record` VALUES
(2,'Songs For The Deaf',2002,'songs_for_the_deaf-4.jpeg','Interscope Records','Rock/Stoner',12,4),
(5,'After The Gold Rush',1970,'after_the_gold_rush-1.jpeg','Reprise Records','Folk Rock, Country Rock',19.99,1),
(16,'Harvest',1972,'harvest-1.jpeg','Reprise Records','Folk Rock, Country Rock',19.99,1),
(19,'Parade',1986,'parade-11.jpeg','Paisley Park','Funk / Soul',19.99,11),
(20,'Sign \'O\' The Times',1987,'sign_\'o\'_the_times-11.jpeg','Paisley Park','Funk / Soul, Pop Rock',24,11),
(21,'Seventeen Seconds',1980,'seventeen_seconds-14.jpeg','Fiction Records','New Wave, Post Rock',9.99,14),
(22,'Faith',1981,'faith-14.jpeg','Fiction Records','New Wave, Post Rock',24.99,14),
(23,'Pornography',1982,'pornography-14.jpeg','Fiction Records','New Wave, Post Rock',19.99,14),
(24,'1999',1982,'1999-11.jpeg','Warner Bros. Records','Funk / Soul, Pop',19,11),
(25,'Black Celebration',1986,'black_celebration-12.jpeg','Mute','Synth-Pop',19,12),
(26,'Music For The Masses',1987,'music_for_the_masses-12.jpeg','Mute','Synth-Pop',19,12),
(27,'Violator',1990,'violator-12.jpeg','Mute','Synth-Pop',19,12),
(28,'More',1969,'more-16.jpeg','Columbia','Rock, Blues, Soundtrack',9.99,16),
(29,'Meddle',1971,'meddle-16.jpeg','Harvest','Psychedelic Rock',19,16),
(30,'The Dark Side Of The Moon',1973,'the_dark_side_of_the_moon-16.jpeg','Harvest','Prog Rock',19,16),
(31,'Wish You Were Here',1975,'wish_you_were_here-16.jpeg','Harvest','Psychedelic Rock, Prog Rock',19,16),
(32,'Animals',1977,'animals-16.jpeg','Harvest','Psychedelic Rock, Prog Rock',19,16),
(33,'Chaos A.D.',1993,'chaos_a.d.-15.jpeg','Roadrunner Records','Thrash Metal',9,15),
(34,'Roots',1996,'roots-15.jpeg','Roadrunner Records','Thrash Metal',9.99,15),
(35,'Roxy Music',1972,'roxy_music-21.jpeg','Island Records','Alt Rock, Experimental, Glam',14,21),
(36,'Avalon',1982,'avalon-21.jpeg','Warner Bros. Records','Pop Rock, Synth-Pop',9.99,21),
(37,'Garlands',1982,'garlands-25.jpeg','4AD','Post-Punk, Ethereal',9,25),
(38,'Head Over Heels',1983,'head_over_heels-25.jpeg','4AD','Art Rock, Experimental, Ethereal',9,25),
(39,'Remain In Light',1980,'remain_in_light-17.jpeg','Sire','New Wave, Art Rock',19,17),
(40,'Music For Films',1978,'music_for_films-19.jpeg','Polydor','Electronic, Ambient',9.99,19),
(41,'OK Computer',1997,'ok_computer-22.jpeg','Parlophone','Alternative Rock',9,22),
(42,'Amber',1994,'amber-23.jpeg','Warp Records','Abstract, IDM, Ambient',74,23),
(43,'LP5',1998,'lp5-23.jpeg','Warp Records','Electronic, IDM',59,23),
(44,'EP7',1999,'ep7-23.jpeg','Warp Records','Abstract, IDM',49.99,23),
(45,'Bossanova',1990,'bossanova-26.jpeg','4AD','Indie Rock',19.99,26),
(46,'Loveless',1991,'loveless-27.jpeg','Creation Records','Alternative Rock, Shoegaze, Noise',160,27),
(47,'Music Has The Right To Children',1998,'music_has_the_right_to_children-28.jpeg','Warp Records','Electronic, IDM, Ambient, Trip Hop',33,28),
(48,'Richard D James Album',1996,'richard_d_james_album-24.jpeg','Warp Records','Electronic, Abstract, IDM, Experimental, Acid',29.99,24),
(49,'Pretzel Logic',1974,'pretzel_logic-29.jpeg','ABC Records','Jazz-Rock, Pop-Rock, Classic Rock',22,29),
(50,'Aja',1977,'aja-29.jpeg','ABC Records','Jazz-Rock, Pop-Rock, Classic Rock',14.99,29),
(51,'Gaucho',1980,'gaucho-29.jpeg','MCA Records','Pop Rock, Jazz-Rock',19.99,29),
(52,'Controversy',1981,'controversy-11.jpeg','Warner Bros. Records','Funk / Soul, Synth-Pop',27,11),
(53,'Mind Bomb',1989,'mind_bomb-30.jpeg','Epic / Some Bizarre','Alternative Rock',14.99,30),
(54,'Dusk',1993,'dusk-30.jpeg','Epic','Alternative Rock',99,30),
(55,'Simple Songs',2015,'simple_songs-31.jpeg','Drag City','Indie Rock, Experimental, Lounge, Art Rock',19,31),
(56,'3-D (The Catalogue)',2017,'3-d_(the_catalogue)-32.jpeg','Kling Klang / Parlophone','Electro, Synth-Pop',200,32),
(57,'Computer World',1981,'computer_world-32.jpeg','EMI','Electro, Synth-Pop',21,32),
(58,'The Man Machine',1978,'the_man_machine-32.jpeg','Capitol Records','Electro, Synth-Pop',21.49,32),
(59,'I Care Because You Do...',1995,'i_care_because_you_do.jpeg','Warp Records','Electronic, IDM, Abstract, Techno, Downtempo',9.99,24),
(60,'Chiastic slide',1997,'R-19628-1533223423-8931-627e1c00b35bc.jpg','Warp Records','Electronic, Abstract, IDM',66.5,23),
(61,'Trans Canada Highway',2006,'R-694551-1301387402-627e1e2aa5d30.jpg','Warp Records','Electronic, IDM, Downtempo, Ambient',34.99,28),
(62,'In A Beautiful Place Out In The Country',2000,'R-11777-1201436908-627e25f093778.jpg','Warp Records','Electronic, IDM, Ambient',25.99,28),
(63,'Can\'t Buy A Thrill',1972,'cover-627f471918670.jpg','Probe','Classic Rock',29.99,29),
(65,'The House Of Love',1990,'the_house_of_love-34.jpg','Fontana','Rock, Indie Rock',24.99,34),
(66,'Rubycon',1975,'rubycon-35.jpg','Virgin','Electronic, Ambient',9.99,35),
(67,'Trans-Europe Express',1977,'trans_europe_express-32.jpg','Capitol Records','Electronic, Synth-Pop',19.99,32),
(68,'So',1986,'so-36.jpg','Virgin','Rock, Pop',9.99,36),
(70,'Introducing The Hardline According To Terence Trent D\'Arby',1987,'introducing_the_hardline_according_to_terence_trent_d\'arby-37.jpg','CBS','Funk / Soul, Blues, R&B',4.99,37),
(71,'Lullabies To Paralyze',2005,'lullabies_to_paralyze-4.jpg','Interscope Records','Indie Rock',14.99,4),
(72,'A Moon Shaped Pool',2016,'a_moon_shaped_pool-22.jpg','XL Recordings','Art Rock, Indie Rock, Ambient, Experimental',34.99,22),
(73,'A Light For Attracting Attention',2022,'a_light_for_attracting_attention-38.jpg','XL Recordings','Alternative Rock, Indie Rock',24.99,38),
(74,'Organic Workshop Vol. I',2012,'organic_workshop_vol._i-39.webp','None Records','Drone Metal, Dark Ambient',24.99,39),
(75,'Organic Workshop Vol. II',2012,'organic_workshop_vol._ii-39.webp','None Records','Drone Metal, Dark Ambient, Noise, Experimental',24.99,39),
(76,'3',2013,'3-39.jpg','None Records','Drone Metal, Dark Ambient',24.99,39),
(77,'3-II',2013,'3-ii-39.jpg','None Records','Drone Metal, Dark Ambient',24.99,39),
(78,'Lifeforms',1994,'lifeforms-40.jpg','Virgin','Leftfield, Downtempo, Illbient, IDM, Ambient, Dub Techno, Experimental',49.99,40),
(79,'Dead Cities',1996,'dead_cities-40.jpg','Virgin','Leftfield, Abstract, Big Beat, Ambient, Downtempo, Experimental',64.99,40),
(80,'Souvlaki',1993,'souvlaki-41.jpg','Creation Records','Indie Rock, Shoegaze, Dream Pop',411.25,41),
(81,'ISDN',1995,'isdn-40.jpg','Virgin','Leftfield, IDM, Experimental, Ambient',79.9,40),
(82,'Last Spash',1993,'last_spash-42.jpg','4AD','Indie Rock',9.99,42),
(83,'Frequencies',1991,'frequencies-43.jpg','Warp Records','House, Techno, Electro',14.99,43),
(84,'Come To Daddy',1997,'come_to_daddy-24.jpg','Warp Records','Breaks, IDM, Abstract, Experimental',9.99,24);
/*!40000 ALTER TABLE `record` ENABLE KEYS */;
UNLOCK TABLES;

--
-- Table structure for table `song`
--

DROP TABLE IF EXISTS `song`;
/*!40101 SET @saved_cs_client     = @@character_set_client */;
/*!40101 SET character_set_client = utf8 */;
CREATE TABLE `song` (
  `record_id` int(11) NOT NULL,
  `song_id` int(11) NOT NULL AUTO_INCREMENT,
  `song_title` varchar(255) COLLATE utf8mb4_unicode_ci NOT NULL,
  PRIMARY KEY (`song_id`,`record_id`)
) ENGINE=MyISAM AUTO_INCREMENT=55 DEFAULT CHARSET=utf8mb4 COLLATE=utf8mb4_unicode_ci;
/*!40101 SET character_set_client = @saved_cs_client */;

--
-- Dumping data for table `song`
--

LOCK TABLES `song` WRITE;
/*!40000 ALTER TABLE `song` DISABLE KEYS */;
INSERT INTO `song` VALUES
(76,1,'Ceremony'),
(76,2,'Issues'),
(76,3,'Octopus'),
(53,1,'Good Morning Beautiful'),
(53,2,'Armageddon Days Are Here (Again)'),
(53,3,'The Violence Of Truth'),
(53,4,'Kingdom Of Rain'),
(53,5,'The Beat(en) Generation'),
(53,6,'August & September'),
(53,7,'Gravitate To Me'),
(53,8,'Beyond Love'),
(54,1,'True Happiness This Way Lies'),
(54,2,'Love Is Stronger Than Death'),
(54,3,'Dogs Of Lust'),
(54,4,'This Is The Night'),
(54,5,'Slow Emotion Replay'),
(54,6,'Helpline Operator'),
(54,7,'Sodium Light Baby'),
(54,8,'Lung Shadows'),
(54,9,'Bluer Then Midnight'),
(54,10,'Lonely Planet'),
(52,1,'Controversy'),
(52,2,'Sexuality'),
(52,3,'Do Me Baby'),
(52,4,'Private Joy'),
(52,5,'Ronnie, Talk To Russia'),
(52,6,'Let\'s Work'),
(52,7,'Annie Christian'),
(52,8,'Jack U Off'),
(24,1,'1999'),
(24,2,'Little Red Corvette'),
(24,3,'Delirious'),
(24,4,'Let\'s Pretend We\'re Married'),
(24,5,'DMSR'),
(24,6,'Automatic'),
(24,7,'Something In The Water (Does Not Compute)'),
(24,8,'Free'),
(24,9,'Lady Cab Driver'),
(24,10,'All The Critics Love U In New York'),
(24,11,'International Lover'),
(77,1,'Eye'),
(77,2,'Parts'),
(77,3,'Shiver'),
(74,1,'Nausea'),
(74,2,'Purr'),
(74,3,'A-R'),
(74,4,'oo'),
(75,1,'Hello World'),
(75,2,'Bahamut Inv2'),
(75,3,'Fin238'),
(75,4,'No Fireworks'),
(75,5,'Ghost'),
(75,6,'Fin239'),
(75,7,'Bahamut Inv1'),
(19,1,'Christopher Tracy\'s Parade'),
(19,2,'New Position'),
(19,3,'I Wonder U'),
(19,4,'Under The Cherry Moon'),
(19,5,'Girls & Boys'),
(19,6,'Life Can Be So Nice'),
(19,7,'Venus De Milo'),
(19,8,'Mountains'),
(19,9,'Do U Lie?'),
(19,10,'Kiss'),
(19,11,'Anotherloverholenyohead'),
(19,12,'Sometimes It Snows In April'),
(39,1,'Born Under Punches'),
(39,2,'Crosseyed And Painless'),
(39,3,'The Great Curve'),
(39,4,'Once In A Lifetime'),
(39,5,'Houses In Motion'),
(39,6,'Seen And Not Seen'),
(39,7,'Listening Wind'),
(39,8,'The Overload'),
(44,1,'Rpeg'),
(44,2,'Ccec'),
(44,3,'Squeller'),
(44,4,'Left Blank'),
(44,5,'Outpt'),
(44,6,'Dropp'),
(44,7,'Liccflii'),
(44,8,'Maphive 6.1'),
(44,9,'Zeiss Contarex'),
(44,10,'Nelton Sentinel'),
(44,11,'Pir'),
(48,1,'4'),
(48,2,'Cornish Acid'),
(48,3,'Peek 824545201'),
(48,4,'Fingerbib'),
(48,5,'Carn Marth'),
(48,6,'To Cure A Weakling Child'),
(48,7,'Goon Gumpas'),
(48,8,'Yellow Calx'),
(48,9,'Girl/Boy Song'),
(48,10,'Logan-Rock Witch'),
(47,1,'Wildlife Analysis'),
(47,2,'An Eagle In Your Mind'),
(47,3,'The Color Of The Fire'),
(47,4,'Telephasic Workshop'),
(47,5,'Triangles And Rhombuses'),
(47,6,'Sixtyten'),
(47,7,'Turquoise Hexagon Sun'),
(47,8,'Kaini Industries'),
(47,9,'Bocuma'),
(47,10,'Roygbiv'),
(47,11,'Aquarius'),
(47,12,'Olson'),
(47,13,'Pete Standing Alone'),
(47,14,'Smokes Quantity'),
(47,15,'Open The Light'),
(47,16,'One Very Important Thought'),
(62,1,'Kid For Today'),
(62,2,'Amo Bishop Roden'),
(62,3,'In A Beautiful Place Out In The Country'),
(62,4,'Zoetrope'),
(61,1,'Dayvan Cowboy'),
(61,2,'Left Side Drive'),
(61,3,'Heard From Telegraph Lines'),
(61,4,'Skyliner'),
(61,5,'Under The Coke Sign'),
(61,6,'Dayvan Cowboy (Odd Nosdam Remix)'),
(27,1,'World In My Eyes'),
(27,2,'Sweetest Perfection'),
(27,3,'Personal Jesus'),
(27,4,'Halo'),
(27,5,'Waiting For The Night'),
(27,6,'Enjoy The Silence'),
(27,7,'Policy Of Truth'),
(27,8,'Blue Dress'),
(27,9,'Clean'),
(26,1,'Never Let Me Down Again'),
(26,2,'The Things You Said'),
(26,3,'Strangelove'),
(26,4,'Sacred'),
(26,5,'Little 15'),
(26,6,'Behind The Wheel'),
(26,7,'I Want You Now'),
(26,8,'To Have And To Hold'),
(26,9,'Nothing'),
(26,10,'Pimpf'),
(20,1,'Sign \'O\' The Times'),
(20,2,'Play In The Sunshine'),
(20,3,'Housequake'),
(20,4,'The Ballad Of Dorothy Parker'),
(20,5,'It'),
(20,6,'Starfish And Coffee'),
(20,7,'Slow Love'),
(20,8,'Hot Thing'),
(20,9,'Forever In My Life'),
(20,10,'U Got The Look'),
(20,11,'If I Was Your Girlfriend'),
(20,12,'Strange Relationship'),
(20,13,'I Could Never Take The Place Of Your Man'),
(20,14,'The Cross'),
(20,15,'It\'s Gonna Be A Beautiful Night'),
(20,16,'Adore'),
(71,1,'This Lullaby'),
(71,2,'Medication'),
(71,3,'Everybody Knows That You Are Insane'),
(71,4,'Tangled Up In Plaid'),
(71,5,'Burn The Witch'),
(71,6,'In My Head'),
(71,7,'Little Sister'),
(71,8,'I Never Came'),
(71,9,'Someone\'s In The Wolf'),
(71,10,'The Blood Is Love'),
(71,11,'Skin On Skin'),
(71,12,'Broken Box'),
(71,13,'\"You Got A Killer Scene There Man...\"'),
(71,14,'Long Slow Goodbye'),
(2,1,'You Think I Ain\'t Worth A Dollar, But I Feel Like A Millionaire'),
(2,2,'No One Knows'),
(2,3,'First It Giveth'),
(2,4,'Song For The Dead'),
(2,5,'The Sky Is Fallin\''),
(2,6,'Six Shooter'),
(2,7,'Hangin\' Tree'),
(2,8,'Go With The Flow'),
(2,9,'Gonna Leave You'),
(2,10,'Do It Again'),
(2,11,'God Is In The Radio'),
(2,12,'Another Love Song'),
(2,13,'Song For The Deaf'),
(80,1,'Alison'),
(80,2,'Machine Gun'),
(80,3,'40 Days'),
(80,4,'Sing'),
(80,5,'Here She Comes'),
(80,6,'Souvlaki Space Station'),
(80,7,'When The Sun Hits'),
(80,8,'Altogether'),
(80,9,'Melon Yellow'),
(80,10,'Dagger'),
(37,1,'Blood Bitch'),
(37,2,'Wax And Wane'),
(37,3,'But I\'m Not'),
(37,4,'Blind Dumb Deaf'),
(37,5,'Shallow Then Halo'),
(37,6,'The Hollow Men'),
(37,7,'Garlands'),
(37,8,'Grail Overfloweth'),
(38,1,'When Mama Was Moth'),
(38,2,'Five Ten Fiftyfold'),
(38,3,'Sugar Hiccup'),
(38,4,'In Our Angelhood'),
(38,5,'Glass Candle Grenades'),
(38,6,'In The Gold Dust Rush'),
(38,7,'The Tinderbox (Of A Heart)'),
(38,8,'Multifoiled'),
(38,9,'My Love Paramour'),
(38,10,'Musette And Drums'),
(49,1,'Rikki Don\'t Lose That Number'),
(49,2,'Night By Night'),
(49,3,'Any Major Dude Will Tell You'),
(49,4,'Barrytown'),
(49,5,'East St. Louis Toodle-oo'),
(49,6,'Parker\'s Band'),
(49,7,'Through With Buzz'),
(49,8,'Pretzel Logic'),
(49,9,'With A Gun'),
(49,10,'Charlie Freak'),
(49,11,'Monkey In Your Soul'),
(58,1,'The Robots'),
(58,2,'Spacelab'),
(58,3,'Metropolis'),
(58,4,'The Model'),
(58,5,'Neon Lights'),
(58,6,'The Man Machine'),
(46,1,'Only Shallow'),
(46,2,'Loomer'),
(46,3,'Touched'),
(46,4,'To Here Knows When'),
(46,5,'When You Sleep'),
(46,6,'I Only Said'),
(46,7,'Come In Alone'),
(46,8,'Sometimes'),
(46,9,'Blown A Wish'),
(46,10,'What You Want'),
(46,11,'Soon'),
(30,1,'Speak To Me'),
(30,2,'Breathe'),
(30,3,'On The Run'),
(30,4,'Time'),
(30,5,'The Great Gig In The Sky'),
(30,6,'Money'),
(30,7,'Us And Them'),
(30,8,'Any Colour You Like'),
(30,9,'Brain Damage'),
(30,10,'Eclipse'),
(31,1,'Shine On You Crazy Diamond (Part 1-5)'),
(31,2,'Welcome To The Machine'),
(31,3,'Have A Cigar'),
(31,4,'Wish You Were Here'),
(31,5,'Shine On You Crazy Diamond (Part 6-9)'),
(29,1,'One Of These Days'),
(29,2,'A Pillow Of Winds'),
(29,3,'Fearless'),
(29,4,'San Tropez'),
(29,5,'Seamus'),
(29,6,'Echoes'),
(66,1,'Rubycon Part I'),
(66,2,'Rubycon Part II'),
(32,1,'Pigs On The Wing (Part One)'),
(32,2,'Dogs'),
(32,3,'Pigs (Three Different Ones)'),
(32,4,'Sheep'),
(32,5,'Pigs On The Wing (Part Two)'),
(57,2,'Computer World'),
(57,3,'Pocket Calculator'),
(57,4,'Numbers'),
(57,5,'Computer World..2'),
(57,6,'Computer Love'),
(57,7,'Home Computer'),
(57,8,'It\'s More Fun To Compute'),
(34,1,'Roots Bloody Roots'),
(34,2,'Attitude'),
(34,3,'Cut-Throat'),
(34,4,'Ratamahatta'),
(34,5,'Breed Apart'),
(34,6,'Straighthate'),
(34,7,'Spit'),
(34,8,'Lookaway'),
(34,9,'Dusted'),
(34,10,'Born Stubborn'),
(34,11,'Jasco'),
(34,12,'Itsári'),
(34,13,'Ambush'),
(34,14,'Endangered Species'),
(34,15,'Dictatorshit'),
(33,1,'Refuse / Resist'),
(33,2,'Territory'),
(33,3,'Slave New World'),
(33,4,'Amen'),
(33,5,'Kaiowas'),
(33,6,'Propaganda'),
(33,7,'Biotech Is Godzilla'),
(33,8,'Nomad'),
(33,9,'We Who Are Not As Others'),
(33,10,'Manifest'),
(33,11,'The Hunt'),
(33,12,'Clenched Fist'),
(78,1,'Cascade'),
(78,2,'Ill Flower'),
(78,3,'Flak'),
(78,4,'Bird Wings'),
(78,5,'Dead Skin Cells'),
(78,6,'Lifeforms'),
(78,7,'Eggshell'),
(78,8,'Among Myselves'),
(78,9,'Domain'),
(78,10,'Spineless Jelly'),
(78,11,'Interstat'),
(78,12,'Vertical Pig'),
(78,13,'Cerebral'),
(78,14,'Life Form Ends'),
(78,15,'Vit'),
(78,16,'Omnipresence'),
(78,17,'Room 208'),
(78,18,'Elaborate Burn'),
(78,19,'Little Brother'),
(79,1,'Herd Killing'),
(79,2,'Dead Cities'),
(79,3,'Her Face Forms In Summertime'),
(79,4,'We Have Explosive'),
(79,5,'Everyone In The World Is Doing Something Without Me'),
(79,6,'My Kingdom'),
(79,7,'Max'),
(79,8,'Antique Toy'),
(79,9,'Quagmire / In A State Of Permanent Abyss'),
(79,10,'Glass'),
(79,11,'Yage'),
(79,12,'Vit Drowning / Through Your Gils I Breathe'),
(79,13,'First Death In The Family'),
(81,1,'Just A Fucking Idiot'),
(81,2,'The Far Out Son Of Lung And The Ramblings Of A Madman'),
(81,3,'Appendage'),
(81,4,'Slider'),
(81,5,'Smokin Japanese Baby'),
(81,6,'You\'re Creeping Me Out'),
(81,7,'Eyes Pop - Skin Explodes - Everybody Dead'),
(81,8,'It\'s My Mind That Works'),
(81,9,'Dirty Shadow'),
(81,10,'Tired'),
(81,11,'Egypt'),
(81,12,'Are They Fightin Us'),
(81,13,'Kai'),
(81,14,'Amoeba'),
(81,15,'A Study Of Six Guitars'),
(81,16,'Snake Hips'),
(59,1,'Acrid Avid Jam Shred'),
(59,2,'The Waxen Pith'),
(59,3,'Wax The Nip'),
(59,4,'Icct Hedal (Edit)'),
(59,5,'Ventolin (Video Version)'),
(59,6,'Come On You Slags!'),
(59,7,'Start As You Mean To Go On'),
(59,8,'Wet Tip Hen Ax'),
(59,9,'Mookid'),
(59,10,'Alberto Balsalm'),
(59,11,'Cow Cud Is A Twin'),
(59,12,'Next Heap With'),
(42,1,'Foil'),
(42,2,'Montreal'),
(42,3,'Silverside'),
(42,4,'Slip'),
(42,5,'Glitch'),
(42,6,'Piezo'),
(42,7,'Nine'),
(42,8,'Further'),
(42,9,'Yulquen'),
(42,10,'Nil'),
(42,11,'Teartear'),
(60,1,'Cipater'),
(60,2,'Rettic Ac'),
(60,3,'Tewe'),
(60,4,'Cichli'),
(60,5,'Hub'),
(60,6,'Calbruc'),
(60,7,'Recury'),
(60,8,'Pule'),
(60,9,'Nuane'),
(43,1,'Acroyear2'),
(43,2,'777'),
(43,3,'Rae'),
(43,4,'Melve'),
(43,5,'Vose In'),
(43,6,'Fold4,Wrap5'),
(43,7,'Under BOAC'),
(43,8,'Corc'),
(43,9,'Caliper Remote'),
(43,10,'Arch Carrier'),
(43,11,'Drane2'),
(40,1,'Becalmed'),
(40,2,'Deep Waters'),
(40,3,'\'There Is Nobody\''),
(40,4,'Spain'),
(40,5,'Untitled'),
(40,6,'The Last Door'),
(40,7,'Chemin de Fer'),
(40,8,'Dark Waters'),
(40,9,'Sparrowfall (1)'),
(40,10,'Sparrowfall (2)'),
(40,11,'Sparrowfall (3)'),
(40,12,'Evening Star'),
(40,13,'Another Green World'),
(40,14,'In Dark Trees'),
(40,15,'Fuseli'),
(40,16,'Melancholy Waltz'),
(40,17,'Northern Lights'),
(40,18,'From The Coast'),
(40,19,'Shell'),
(40,20,'Little Fishes'),
(40,21,'Empty Landscape'),
(40,22,'Reactor'),
(40,23,'The Secret'),
(40,24,'Don\'t Look Back'),
(40,25,'Marseilles'),
(40,26,'Final Sunset'),
(40,27,'Juliet'),
(25,1,'Black Celebration'),
(25,2,'Fly On The Windscreen - Final'),
(25,3,'A Question Of Lust'),
(25,4,'Sometimes'),
(25,5,'It Doesn\'t Matter Two'),
(25,6,'A Question Of Time'),
(25,7,'Stripped'),
(25,8,'Here Is The House'),
(25,9,'World Full Of Nothing'),
(25,10,'Dressed In Black'),
(25,11,'New Dress'),
(55,1,'Friends With Benefits'),
(55,2,'That Weekend'),
(55,3,'Half Life Crisis'),
(55,4,'Hotel Blue'),
(55,5,'These Hands'),
(55,6,'Last Year'),
(55,7,'End Of The Road'),
(55,8,'All Your Love'),
(67,1,'Europe Endless'),
(67,2,'The Hall Of Mirrors'),
(67,3,'Showroom Dummies'),
(67,4,'Trans-Europe Express'),
(67,5,'Metal On Metal'),
(67,6,'Franz Schubert'),
(67,7,'Endless Endless'),
(56,2,'Kometenmelodie 1'),
(56,3,'Kometenmelodie 2'),
(56,4,'Mitternacht'),
(56,5,'Morgenspaziergang'),
(56,6,'Geiger Counter'),
(56,7,'Radioactivity'),
(56,8,'Radioland'),
(56,9,'Intermission'),
(56,10,'News'),
(56,11,'Airwaves'),
(56,12,'The Voice Of Energy'),
(56,13,'Antenna'),
(56,14,'Radio Stars'),
(56,15,'Uranium'),
(56,16,'Transistor'),
(56,17,'Ohm Sweet Ohm'),
(56,18,'Trans Europe Express'),
(56,19,'Metal On Metal'),
(56,20,'Abzug'),
(56,21,'Showroom Dummies'),
(56,22,'Franz Schubert'),
(56,23,'Europe Endless'),
(56,24,'The Hall Of Mirrors'),
(56,25,'The Man-Machine'),
(56,26,'Spacelab'),
(56,27,'Metropolis'),
(56,28,'The Model'),
(56,29,'Neon Lights'),
(56,30,'The Robots'),
(56,31,'Numbers'),
(56,32,'Computer World'),
(56,33,'It\'s More Fun To Compute'),
(56,34,'Home Computer'),
(56,35,'Computer Love'),
(56,36,'Pocket Calculator'),
(56,37,'Dentaku'),
(56,38,'Boing Boom Tschak'),
(56,39,'Techno Pop'),
(56,40,'Music Non Stop'),
(56,41,'Electric Café'),
(56,42,'The Telephone Call'),
(56,43,'House Phone'),
(56,44,'Sex Object'),
(56,45,'Tour de France'),
(56,46,'Prologue'),
(56,47,'Etape 1'),
(56,48,'Chrono'),
(56,49,'Etape 2'),
(56,50,'Elektro Kardiogramm'),
(56,51,'Aero Dynamik'),
(56,52,'Vitamin'),
(56,53,'La Forme'),
(56,54,'Régénération'),
(56,1,'Autobahn'),
(65,1,'Hannah'),
(65,2,'Shine On'),
(65,3,'Beatles And The Stones'),
(65,4,'Shake And Crawl'),
(65,5,'Hedonist'),
(65,6,'I Don\'t Know Why I Love You'),
(65,7,'Never'),
(65,8,'Someone\'s Got To Love You'),
(65,9,'In A Room'),
(65,10,'Blind'),
(65,11,'32nd Floor'),
(65,12,'Se Dest'),
(5,1,'Tell Me Why'),
(5,2,'After The Goldrush'),
(5,3,'Only Love Can Break Your Heart'),
(5,4,'Southern Man'),
(5,5,'Till The Morning Comes'),
(5,6,'Oh Lonesome Me'),
(5,7,'Don\'t Let It Bring You Down'),
(5,8,'Birds'),
(5,9,'When You Dance I Can Really Love'),
(5,10,'I Believe In You'),
(5,11,'Cripple Creek Ferry'),
(16,1,'Out On The Weekend'),
(16,2,'Harvest'),
(16,3,'A Man Needs A Maid'),
(16,4,'Heart Of Gold'),
(16,5,'Are You Ready For The Country'),
(16,6,'Old Man'),
(16,7,'There\'s A World'),
(16,8,'Alabama'),
(16,9,'The Needle And The Damage Done'),
(16,10,'Words (Between The Lines Of Age)'),
(68,1,'Red Rain'),
(68,2,'Sledgehammer'),
(68,3,'Don\'t Give Up'),
(68,4,'That Voice Again'),
(68,5,'In Your Eyes'),
(68,6,'Mercy Street'),
(68,7,'Big Time'),
(68,8,'We Do What We\'re Told (Milgram\'s 37)'),
(68,9,'This Is The Picture (Excellent Birds)'),
(28,1,'Cirrus Minor'),
(28,2,'The Nile Song'),
(28,3,'Crying Song'),
(28,4,'Up The Khyber'),
(28,5,'Green Is The Colour'),
(28,6,'Cymbaline'),
(28,7,'Party Sequence'),
(28,8,'Main Theme'),
(28,9,'Ibiza Bar'),
(28,10,'More Blues'),
(28,11,'Quicksilver'),
(28,12,'A Spanish Piece'),
(28,13,'Dramatic Theme'),
(45,1,'Cecilia Ann'),
(45,2,'Rock Music'),
(45,3,'Velouria'),
(45,4,'Allison'),
(45,5,'Is She Weird'),
(45,6,'Ana'),
(45,7,'All Over The World'),
(45,8,'Dig For Fire'),
(45,9,'Down To The Well'),
(45,10,'The Happening'),
(45,11,'Blown Away'),
(45,12,'Hang Wire'),
(45,13,'Stormy Weather'),
(45,14,'Havalina'),
(82,1,'New Year'),
(82,2,'Cannonball'),
(82,3,'Invisible Man'),
(82,4,'No Aloha'),
(82,5,'Roi'),
(82,6,'Do You Love Me Now?'),
(82,7,'Flipside'),
(82,8,'I Just Wanna Get Along'),
(82,9,'Mad Lucas'),
(82,10,'Divine Hammer'),
(82,11,'S.O.S'),
(82,12,'Hag'),
(82,13,'Saints'),
(82,14,'Drivin\' On 9'),
(82,15,'Roi (Reprise)'),
(41,1,'Airbag'),
(41,2,'Paranoid Android'),
(41,3,'Subterranean Homesick Alien'),
(41,4,'Exit Music (For A Film)'),
(41,5,'Let Down'),
(41,6,'Karma Police'),
(41,7,'Fitter Happier'),
(41,8,'Electioneering'),
(41,9,'Climbing UpThe Walls'),
(41,10,'No Surprises'),
(41,11,'Lucky'),
(41,12,'The Tourist'),
(72,1,'Burn The witch'),
(72,2,'Daydreaming'),
(72,3,'Decks Dark'),
(72,4,'Desert Island Disk'),
(72,5,'Ful Stop'),
(72,6,'Glass Eyes'),
(72,7,'Identikit'),
(72,8,'The Numbers'),
(72,9,'Present Tense'),
(72,10,'Tinker Tailor Soldier Sailor Rich Man Poor Man Beggar Man Thief'),
(72,11,'True Love Waits'),
(35,1,'Re-make/Re-model'),
(35,2,'Ladytron'),
(35,3,'If There Is Something'),
(35,4,'2 H.B.'),
(35,5,'The Bob (Medley)'),
(35,6,'Chance Meeting'),
(35,7,'Would You Believe?'),
(35,8,'Sea Breezes'),
(35,9,'Bitters End'),
(36,1,'More Than This'),
(36,2,'The Space Between'),
(36,3,'Avalon'),
(36,4,'India'),
(36,5,'While My Heart Still Beating'),
(36,6,'The Main Thing'),
(36,7,'Take A Chance With Me'),
(36,8,'True To Life'),
(36,9,'Tara'),
(63,1,'Do It Again'),
(63,2,'Dirty Work'),
(63,3,'Kings'),
(63,4,'Midnite Cruiser'),
(63,5,'Only A Fool Would Say That'),
(63,6,'Reelin\' In The Years'),
(63,7,'Fire In The Hole'),
(63,8,'Brooklyn'),
(63,9,'Change Of The Guard'),
(63,10,'Turn That Heartbeat Over Again'),
(50,1,'Black Cow'),
(50,2,'Aja'),
(50,3,'Deacon Blues'),
(50,4,'Peg'),
(50,5,'Home At Last'),
(50,6,'I Got The News'),
(50,7,'Josie'),
(51,1,'Babylon Sisters'),
(51,2,'Hey Nineteen'),
(51,3,'Glamour Profession'),
(51,4,'Gaucho'),
(51,5,'Time Out Of Mind'),
(51,6,'My Rival'),
(51,7,'Third World Man'),
(70,1,'If You All Get To Heaven'),
(70,2,'If You Let Me Stay'),
(70,3,'Wishing Well'),
(70,4,'I\'ll Never Turn My Back On You'),
(70,5,'Dance Little Sister'),
(70,6,'Seven More Days'),
(70,7,'Let\'s Go Forward'),
(70,8,'Rain'),
(70,9,'Sign Your Name'),
(70,10,'As Yet Untitled'),
(70,11,'Who\'s Lovin\' You'),
(21,1,'A Reflection'),
(21,2,'Play For Today'),
(21,3,'Secrets'),
(21,4,'In Your House'),
(21,5,'Three'),
(21,6,'The Final Sound'),
(21,7,'A Forest'),
(21,8,'M'),
(21,9,'At Night'),
(21,10,'Seventeen Seconds'),
(22,1,'The Holy Hour'),
(22,2,'Primary'),
(22,3,'Other Voices'),
(22,4,'All Cats Are Grey'),
(22,5,'The Funeral Party'),
(22,6,'Doubt'),
(22,7,'The Drowning Man'),
(22,8,'Faith'),
(23,1,'One Hundred Years'),
(23,2,'A Short Term Effect'),
(23,3,'The Hanging Garden'),
(23,4,'Siamese Twins'),
(23,5,'The Figurehead'),
(23,6,'A Strange Day'),
(23,7,'Cold'),
(23,8,'Pornography'),
(73,1,'The Same'),
(73,2,'The Opposite'),
(73,3,'You Will Never Work In Television Again'),
(73,4,'Pana-Vision'),
(73,5,'The Smoke'),
(73,6,'Speech Bubbles'),
(73,7,'Thin Thing'),
(73,8,'Open The Floodgates'),
(73,9,'Free In The Knowledge'),
(73,10,'A Hairdryer'),
(73,11,'Waving A White Flag'),
(73,12,'We Don\'t Know What Tomorrow Brings'),
(73,13,'Skrting On The Surface'),
(83,1,'Intro'),
(83,2,'LFO'),
(83,3,'Simon From Sydney'),
(83,4,'Nurture'),
(83,5,'Freeze'),
(83,6,'We Are Back'),
(83,7,'Tan Ta Ra'),
(83,8,'You Have To Understand'),
(83,9,'El Ef Oh!'),
(83,10,'Love Is The Message'),
(83,11,'Mentok 1'),
(83,12,'Think A Moment'),
(83,13,'Groovy Distortion'),
(83,14,'Track 14'),
(84,1,'Come To Daddy, Pappy Mix'),
(84,2,'Flim'),
(84,3,'Come To Daddy, Little Lord Faulteroy Mix'),
(84,4,'Bucephalus Bouncing Ball'),
(84,5,'To Cure A Weakling Child, Contour Regard'),
(84,6,'Funny Little Man'),
(84,7,'Come To Daddy, Mummy Mix'),
(84,8,'IZ-US');
/*!40000 ALTER TABLE `song` ENABLE KEYS */;
UNLOCK TABLES;
/*!40103 SET TIME_ZONE=@OLD_TIME_ZONE */;

/*!40101 SET SQL_MODE=@OLD_SQL_MODE */;
/*!40014 SET FOREIGN_KEY_CHECKS=@OLD_FOREIGN_KEY_CHECKS */;
/*!40014 SET UNIQUE_CHECKS=@OLD_UNIQUE_CHECKS */;
/*!40101 SET CHARACTER_SET_CLIENT=@OLD_CHARACTER_SET_CLIENT */;
/*!40101 SET CHARACTER_SET_RESULTS=@OLD_CHARACTER_SET_RESULTS */;
/*!40101 SET COLLATION_CONNECTION=@OLD_COLLATION_CONNECTION */;
/*!40111 SET SQL_NOTES=@OLD_SQL_NOTES */;

-- Dump completed on 2022-05-25 10:36:24
